[
	{
		"name": "Luxury factory",
		"cost": 950,
		"happiness": 2,
                "requiredBuilding": "Workshop",
		"maintenance": 3,
		"isNationalWonder": false,
                "uniques": ["[+1 Gold] per [3] Population in this city", "[+1 happiness] per [3] Population in this city"],
	  "requiredTech": "Industrialization"
	},
	{
	"name": "Artic base",
	"cost": 1150,
        "food": 10,
        "requiredBuilding": "Nuclear Plant",
        "maintenance": 20,
        "uniques": ["Must be on [Snow]"],
	"requiredTech": "Nuclear Fission"
               	},
         	{
		"name": "industrial grade agriculture",
		"cost": 1150,
		"happiness": 1,
                "food": 4,
                "requiredBuilding": "Workshop",
		"maintenance": 3,
		"isNationalWonder": false,
                "uniques": ["[+1 Gold] per [2] Population in this city"],
	        "requiredTech": "Industrialization"
	},
	{
		"name": "Rocket Silo",
		"production": 2,
		"requiredResource": "Oil",
		"cost": 900,
		"cityStrength": 25,
		"cityHealth": 5,
		"requiredBuilding": "Armory",
		"uniques": ["+[20]% Production when constructing [Melee] units [in this city]"],
		"requiredTech": "Computers"
	},
	{
		"name": "Trade center",
		"isNationalWonder": true,
		"cost": 750,
		"hurryCostModifier": 110,
              	"maintenance": 0,
                "gold": 5,
		"percentStatBonus": {"gold": 15},
                "specialistSlots": {"Merchant": 1},
          	"production": 1,
                "uniques": ["Requires a [Stock Exchange] in all cities", "Cost increases by [10] per owned city", "[+1 Gold] per [6] Population in this city"],
		"requiredTech": "Computers"
                "quote": "'Skill is successfully walking a tightrope between the twin towers of the Trade Center. Intelligence is not trying"
 }
]