[
	{
		"name":"AIFC veh",
		"unitType":"Melee",
		"movement": 3,
		"strength": 87,
		"cost":585,
		"requiredTech":"Mobile Tactics",
		"uniques":["No defensive terrain bonus", "Bonus vs Melee 20%", "Ignores Water Terrain cost"],
	},
	{
		"name": "SPA",
		"unitType": "Siege",
		"movement": 3,
		"strength": 65,
		"rangedStrength": 80,
		"range": 4,
		"cost": 620,
		"requiredTech":"Mobile Tactics",
		"uniques":["Bonus vs City 50%", "No defensive terrain bonus","Limited Visibility", "Ranged attacks may be performed over obstacles" ,"Bonus vs Melee 50%", "Bonus vs Armor 50%", "Can move after attacking"]
		"requiredResource":"Oil",
	},
	{
		"name":"MBtank",
		"unitType":"Armor",
		"movement":4,
		"strength":105,
		"cost":600,
		"requiredTech":"Mobile Tactics",
		"requiredResource":"Oil",
		"uniques":["Can move after attacking","No defensive terrain bonus", "Bonus vs Melee 50%"]
		"hurryCostModifier":10 
	},
	{
		"name": "ReconVeh",
		"unitType": "Scout",
		"movement": 4,
		"strength": 60,
		"cost": 565,
		"uniques": ["Ignores terrain cost"],
                "requiredTech":"Mobile Tactics",
	},
]
