[
	{
		"name":"IF veh",
                "replaces": "Mechanized Infantry",
		"unitType":"Melee",
		"movement": 3,
		"strength": 92,
		"cost":585,
		"requiredTech":"Mobile Tactics",
		"uniques":["No defensive terrain bonus", "Bonus vs Melee 20%"],
	},
	{
		"name": "SPA",
		"unitType": "Siege",
		"movement": 3,
		"strength": 70,
		"rangedStrength": 80,
		"range": 4,
		"cost": 620,
		"requiredTech":"Mobile Tactics",
		"uniques":["Bonus vs City 150%", "No defensive terrain bonus","Limited Visibility", "Ranged attacks may be performed over obstacles" ,"Bonus vs Melee 150%", "Bonus vs Armor 100%", "Can move after attacking"]
		"requiredResource":"Oil",
	},
	{
		"name":"MBtank",
		"unitType":"Armor",
		"movement":5,
		"strength":110,
		"cost":600,
		"requiredTech":"Mobile Tactics",
		"requiredResource":"Oil",
		"uniques":["Can move after attacking","No defensive terrain bonus", "Bonus vs Melee 50%"]
		"hurryCostModifier":10	
	},
]
