[
	{
		"name": "recreation center",
		"replaces": "Stadium",
		"uniqueTo": "USSR",
		"cost": 450,
		"happiness": 9,
		"culture": 5,
		"maintenance": 5,
		"isNationalWonder": false,
                "uniques": ["Provides 1 extra copy of each improved luxury resource near this City",
		"[+2 Gold] from [tundra] tiles in this city"],
	  "requiredTech": "Electricity"
	},
	{
		"name": "water disturbution",
		"replaces": "Aqueduct",
		"uniqueTo": "USSR",
		"cost": 80,
		"hurryCostModifier": 160,
		"happiness": 1,
		"uniques": ["45% of food is carried over after a new citizen is born"],
		"requiredTech": "Engineering"
	},
	{
		"name": "RBMK reactor",
		"replaces": "Nuclear Plant",
		"uniqueTo": "USSR",
		"cost": 750,
		"hurryCostModifier": 160,
    "requiredResource":"Uranium",	"maintenance": 2,	"production": 10,		"science": 5,
			"requiredTech": "Nuclear Fission"
	},
	{
	
"name": "soviet bank",  
"uniqueTo": "USSR",  "requiredTech": "Banking", "production": 5,  "gold": 5, "cost": 350,
 "replaces": "Bank", 	},
	{
	
"name": "soyuz",  
"uniqueTo": "USSR",  "requiredTech": "Rocketry", "production": 10,  "cost": 1500,
 "replaces": "Apollo Program",  "isNationalWonder": true,
  "science": 50,
  "uniques": ["Enables construction of Spaceship parts"],
   "maintenance": 5,
 }
]