[
	{
		"name": "recreation center",
		"replaces": "Stadium",
		"uniqueTo": "USSR",
		"cost": 450,
		"happiness": 4,
		"culture": 5,
		"maintenance": 5,
		"isNationalWonder": false,
                "uniques": ["Provides 1 extra copy of each improved luxury resource near this City",
		"[+2 Gold] from [tundra] tiles in this city"],
	  "requiredTech": "Electricity"
	},
	{
		"name": "modern Aqueduct",
		"replaces": "Aqueduct",
		"uniqueTo": "USSR",
		"cost": 80,
		"hurryCostModifier": 160,
		"happiness": 1,
		"uniques": ["49% of food is carried over after a new citizen is born"],
		"requiredTech": "Engineering"
	},
	{
		"name": "RBMK reactor",
		"replaces": "Nuclear Plant",
		"uniqueTo": "USSR",
		"cost": 750,
		"hurryCostModifier": 160,
    "requiredResource":"Uranium",	"maintenance": 2,	"production": 10,		"science": 5,
			"requiredTech": "Nuclear Fission"
	},
	{
		"name": "ICS center", 
		"maintenance": 1,
                "cost": 1100,
               	"uniqueTo": "USSR",
		"specialistSlots": {"Engineer": 1},
		"requiredTech": "Electronics"
	},
	{
   		"name": "OGAS",
		"maintenance": 1,
		"cost": 1700,
               	"uniqueTo": "USSR",
                "production": 5,  "science": 3,
		"isNationalWonder": true,
		"uniques": ["Requires a [ICS center] in all cities", "+2 production in each city"],
		"requiredTech": "Computers"
                "quote": "'we will be forever remembered in history!"
	},
	{
   		"name": "collectivize agriculture",
		"maintenance": 1,
		"cost": 200,
               	"uniqueTo": "USSR",
                "production": 1, "food": 1,
		"isNationalWonder": true,
		"uniques": ["Must be next to [Grassland]", "[+1 Food] once [Fertilizer] is discovered", "+1 Food in each city"],
		"requiredTech": "Calendar"
                "quote": "'Our locomotive, fly forward!	At the commune is a station We have no other way In our hands is a rifle"
	},
	{
      "name": "soviet bank",  
      "uniqueTo": "USSR",  "requiredTech": "Banking", "production": 5,  "gold": 5, "cost": 350,
      "replaces": "Bank", 	
        },
	{
"name": "soyuz space program",  
"uniqueTo": "USSR",  "requiredTech": "Rocketry", "production": 10,  "cost": 1500,
 "replaces": "Apollo Program",  "isNationalWonder": true,
  "science": 20,
  "uniques": ["Enables construction of Spaceship parts"],
   "maintenance": 5,
  "quote": "'space maps download into the tablets,and the navigator specifies the route for the last time, come on guys, sign before the start, we still have 14 minutes,i believe friends,caravans of rockets will rush us foward from star to star, on the dusty paths, the distant planets, our tracks will remain!"
 }
]