[
	{
	"name":"USSR",
	"leaderName":"Joseph Stalin",
	"adjective":["Soviet"],
	"startBias":["Tundra"],
	"preferredVictoryType":"Domination",
		
	"startIntroPart1": " the great leader Joseph Stalin gave us hope and gave us victories into many wars, in return, we stay loyal to his command. For any wars you have fought to death, you shall always succeed, because we at Soviet Union shall make every weapon very powerful. Take this special gift, and dominate the entire world!",
	"startIntroPart2": "For the centuries to come, every comrade of ours would stand by our side even on the harshest hour! Shall you build your civilization into a perfectly communist empire that will stand the test of time?",
		
	"declaringWar":"you traitor!, prepare for death capitalist pig!",
	"attacked":"may the people of the union spare you!",
	"defeated":"Workers of the world will unite again one time!",
	"introduction":"Are you a tovarish or a capitalist?",
		
	"neutralHello":"zdravstvuj Comrade.",
	"neutralLetsHearIt":["I'm listening.","What is that you want comrade?"],
	"neutralNo":["No!","Certainly not.","Unacceptable!"],
	"neutralYes":["Completed!","Da!","Agreed!"],

	"hateHello":"what do you want you Deceiver of the Proleteriat?.",
	"hateLetsHearIt":["Your offering me that?","I'm listening!"],
	"hateNo":["No, Fascist!","I shall not agree to this.","Unacceptable!"],
	"hateYes":["Yes!","Fine, I'll accept your offer!","Sure, then!"],
		
	"afterPeace":"Long live peace comrade!.",
	"tradeRequest":"Greetings! would you like to accept this offer?",
				
	"outerColor":[200,0,0],
	"innerColor":[255,255,0],
	
	//Closest Representation
	"uniqueName":"Soviets",
	"unique": ["[+1 Production] from every [Strategic Resource]","Double quantity of [Oil] produced", "Double quantity of [Iron] produced", "Double quantity of [Uranium] produced"],

	"cities":["Moscow","Leningrad","Kiev","Tashkent","Baku","Kharkov","Minsk","Gorky","Novosibirsk","Sverdlovsk",
		"Tbilisi","Kuybyshev","Yerevan","Dnepropetrovsk","Omsk","Alma-Ata","Odessa","Donetsk","Chelyabinsk","Kazan",
		"Perm","Ufa","Rostov-on-Don","Stalingrad","Riga","Saratov","Zaporozhye","Voronezh","Krasnoyarsk","Lvov"]
	},
]