[
	{
	"name":"USSR",
	"leaderName":"Peoples council",
	"adjective":["Soviet"],
	"startBias":["Tundra"],
	"preferredVictoryType":"Domination",
		
	"startIntroPart1": "the great revolution has brought us a beatifull socialist paradaise, will you fall to the fascist and capitalist barrage or will you prevail and establish a utopia?",
	"startIntroPart2": "for years the people have been opressed by the tsarist regime!,now they spoke up and revolted against the monarchist scum.",
		
	"declaringWar":"you fascist aggressor!, prepare to be crushed aggressor!, the people will never surrender!",
	"attacked":"We will not surrender!",
	"defeated":"Workers will revolt and unite again!",
	"introduction":"Which side are you on?, Comrade",
		
	"neutralHello":"zdravstvuj Comrade.",
	"neutralLetsHearIt":["I'm listening.","What do you want comrade?"],
	"neutralNo":["No!","Certainly not.","Unacceptable!"],
	"neutralYes":["Completed!","Sure!","Agreed!"],

	"hateHello":"What do you want you Deceiver of the Proleteriat?.",
	"hateLetsHearIt":["Your offering me that?","I'm listening!"],
	"hateNo":["No", "Never!","I shall not agree to this.","Unacceptable!"],
	"hateYes":["Yes!","Alright then!","I'll accept your offer!","Sure, then!"],
		
	"afterPeace":"Long live peace!.",
	"tradeRequest":"Greetings! would you like to accept this offer?",
				
	"outerColor":[200,0,0],
	"innerColor":[245,245,0],
	
	//Closest Representation
	"uniqueName":"Dialetical Materialism",
	"unique": ["[+1 Production] from every [Strategic Resource]","Double quantity of [Oil] produced", "Double quantity of [Iron] produced", "Double quantity of [Uranium] produced","[+1 science] from every [Strategic Resource]"],

	"cities":["Moscow","Leningrad","Kiev","Tashkent","Baku","Kharkov","Minsk","Gorky","Novosibirsk","Sverdlovsk",
		"Tbilisi","Kuybyshev","Yerevan","Dnepropetrovsk","Omsk","Alma-Ata","Odessa","Donetsk","Chelyabinsk","Kazan",
		"Perm","Ufa","Rostov-on-Don","Stalingrad","Riga","Saratov","Zaporozhye","Voronezh","Krasnoyarsk","Lvov"]
	},
]