[
	{
		"name":"Tsar Bomba",
		"unitType":"Missile",
		"uniqueTo":"USSR", 
        	"replaces":"Nuclear Missile",		
		"movement":1,
		"strength":600,
		"rangedStrength":600,
		"range":50,
		"cost":1530,
		"requiredTech":"Rocketry",
		"requiredResource":"Uranium",
		"uniques":["Requires Manhattan Project"],
		"hurryCostModifier":10
	},
	{
		"name": "Katyusha",
		"unitType": "Siege",
		"uniqueTo":"USSR",
		"replaces":"Rocket Artillery",
		"movement": 2,
		"strength": 50,
		"rangedStrength": 70,
		"range": 4,
		"cost": 440,
		"requiredTech":"Rocketry",
		"requiredResource":"Aluminum",
		"uniques":["Bonus vs City 200%","No defensive terrain bonus","Limited Visibility","Ranged attacks may be performed over obstacles","Double movement in Snow,Tundra","Bonus vs Melee 50%"]
		"hurryCostModifier":20
	},
	{
		"name":"T-34",
		"unitType":"Armor",
		"uniqueTo":"USSR",
		"replaces":"Tank",
		"movement":4,
		"strength":70,
		"cost":365,
		"requiredTech":"Combined Arms",
		"requiredResource":"Oil",
		"upgradesTo":"Modern Armor",
		"obsoleteTech":"Lasers",
		"uniques":["Can move after attacking","No defensive terrain bonus"]
		"hurryCostModifier":10
	},
	{
		"name":"T-55",
		"unitType":"Armor",
		"uniqueTo":"USSR",
		"replaces":"Modern Armor",
		"movement":5,
		"strength":100,
		"cost":400,
		"requiredTech":"Lasers",
		"requiredResource":"Oil",
		"uniques":["Can move after attacking","No defensive terrain bonus"]
		"hurryCostModifier":10
	},
	{
		"name": "musket",
		"unitType": "Melee",
		"uniqueTo":"USSR",
		"requiredTech": "Gunpowder",
		"movement": 2,
		"strength": 25,
		"cost": 160,
	        "replaces":"Musketman",		
		"upgradesTo": "Rifleman",
		"obsoleteTech": "Rifling",
		"hurryCostModifier": 20,
	},
	{
		"name": "ppsh",
		"unitType": "Melee",
		"uniqueTo":"USSR",
	        "replaces":"Great War Infantry",
		"movement": 2,
		"strength": 50,
		"cost": 310,
		"requiredTech": "Replaceable Parts",
		"hurryCostModifier": 20,		
		"upgradesTo": "Infantry",
		"obsoleteTech": "Plastics",
	},
	{
		"name": "ak",
		"unitType": "Melee",
		"uniqueTo":"USSR",
	        "replaces":"Infantry",
		"movement": 2,
		"strength": 70,
		"cost": 365,
		"requiredTech": "Plastics",
		"hurryCostModifier": 30,		
		"upgradesTo": "Mechanized Infantry",
		"obsoleteTech": "Mobile Tactics", 
	},
	{
		"name": "mig21",
		"unitType": "Fighter",
                "uniqueTo":"USSR",
	        "replaces":"Fighter",
		"movement": 1,
		"strength": 45,
		"rangedStrength": 45,
		"range": 8,
		"interceptRange": 8,
		"cost": 375,
		"requiredTech": "Radar",
		"requiredResource": "Oil",
		"uniques": ["[100]% chance to intercept air attacks","Bonus vs Bomber 150%", "6 tiles in every direction always visible"],
	        },
             	{  
		// "Hovering unit" unique gives ability to get into impassable tiles - and only that (no vision bonus or flying over ocean)
		// Unit embarks like any other ground unit and has penalty for attacking over river or from embarked state
		"name": "mi24",
                "uniqueTo":"USSR",
	        "replaces":"Helicopter Gunship",
		"unitType": "Melee",
		"movement": 6,
		"strength": 55,
		"cost": 415,
		"requiredTech": "Computers",
		"requiredResource": "Aluminum",
		"uniques": ["Bonus vs Armor 100%", "No defensive terrain bonus", "Can move after attacking", "All tiles cost 1 movement",
		"Can pass through impassable tiles", "Unable to capture cities"]		
	},
]
