[
	{
		"name":"Tsar Bomba",
		"unitType":"Missile",
		"uniqueTo":"USSR", 
        	"replaces":"Nuclear Missile",		
		"movement":1,
		"strength":600,
		"rangedStrength":600,
		"range":50,
		"cost":1530,
		"requiredTech":"Rocketry",
		"requiredResource":"Uranium",
		"uniques":["Requires Manhattan Project"],
		"hurryCostModifier":10
	},
	{
		"name": "Katyusha",
		"unitType": "Siege",
		"uniqueTo":"USSR",
		"replaces":"Rocket Artillery",
		"movement": 2,
		"strength": 50,
		"rangedStrength": 70,
		"range": 4,
		"cost": 440,
		"requiredTech":"Rocketry",
		"requiredResource":"Aluminum",
		"uniques":["Bonus vs City 200%","No defensive terrain bonus","Limited Visibility","Ranged attacks may be performed over obstacles","Double movement in Snow,Tundra","Bonus vs Melee 50%"]
		"hurryCostModifier":20
	},
	{
		"name":"T-34",
		"unitType":"Armor",
		"uniqueTo":"USSR",
		"replaces":"Tank",
		"movement":4,
		"strength":70,
		"cost":365,
		"requiredTech":"Combined Arms",
		"requiredResource":"Oil",
		"upgradesTo":"Modern Armor",
		"obsoleteTech":"Lasers",
		"uniques":["Can move after attacking","No defensive terrain bonus"]
		"hurryCostModifier":10
	},
	{
		"name":"T-55",
		"unitType":"Armor",
		"uniqueTo":"USSR",
		"replaces":"Modern Armor",
		"movement":5,
		"strength":100,
		"cost":400,
		"requiredTech":"Lasers",
		"requiredResource":"Oil",
		"uniques":["Can move after attacking","No defensive terrain bonus"]
		"hurryCostModifier":10
	},
	{
		"name": "musket",
		"unitType": "Melee",
		"uniqueTo":"USSR",
		"requiredTech": "Gunpowder",
		"movement": 2,
		"strength": 25,
		"cost": 160,
	        "replaces":"Musketman",		
		"upgradesTo": "Rifleman",
		"obsoleteTech": "Rifling",
		"hurryCostModifier": 20,
	},
	{
		"name": "ppsh",
		"unitType": "Melee",
		"uniqueTo":"USSR",
	        "replaces":"Great War Infantry",
		"movement": 2,
		"strength": 50,
		"cost": 310,
		"requiredTech": "Replaceable Parts",
		"hurryCostModifier": 20,		
		"upgradesTo": "Infantry",
		"obsoleteTech": "Plastics",
	},
	{
		"name": "ak",
		"unitType": "Melee",
		"uniqueTo":"USSR",
	        "replaces":"Infantry",
		"movement": 2,
		"strength": 70,
		"cost": 365,
		"requiredTech": "Plastics",
		"hurryCostModifier": 30,		
		"upgradesTo": "Mechanized Infantry",
		"obsoleteTech": "Mobile Tactics", 
        },
	{  
		"name": "mobile army",
		"unitType": "Melee",
		"uniqueTo":"USSR",
	        "replaces":"Mechanized Infantry",
		"movement": 3,
		"strength": 90,
		"cost": 365,
		"requiredTech": "Mobile Tactics",
		"hurryCostModifier": 40,		
	},
]
