[	
	{
		"name": "Salt",
		"resourceType": "Luxury",
		"terrainsCanBeFoundOn": ["Desert","Tundra","Hill"],
		"gold": 2,
		"improvement": "Quarry",
		"improvementStats": {"gold": 1,"production": 1},
	},
	{
		"name": "Rubber",
		"resourceType": "Luxury",
		"terrainsCanBeFoundOn": ["Jungle"],
		"gold": 1,
		"improvement": "Plantation",
		"improvementStats": {"food": 1,"gold": 1},
	},
	{
		"name": "Cocoa",
		"resourceType": "Luxury",
		"terrainsCanBeFoundOn": ["Jungle"],
		"food": 1,
		"gold": 1,
		"improvement": "Plantation",
		"improvementStats": {"food": 1,"gold": 1}
	},
	
]
