[
	{
		"name": "Partisan",
		"unitType": "Melee",
		"movement": 4,
		"strength": 90,
		"cost": 375,
                "promotions": ["Shock I", "Drill I"],
		"requiredTech": "Mobile Tactics",
                "uniques":["Bonus vs Melee 150%", "Can move after attacking", "+[25]% combat bonus in [Hill]", "+[25]% combat bonus in [Forest]", "+[25]% combat bonus in [Jungle]"],
		"hurryCostModifier": 40,		
	},
	{
		"name": "Guerilla",
		"unitType": "Melee",
		"movement": 3,
		"strength": 30,
		"cost": 265,
                "promotions": ["Shock I", "Drill I"],
		"requiredTech": "Rifling",
                "uniques":["Bonus vs Melee 150%", "Can move after attacking", "+[15]% combat bonus in [Hill]", "+[15]% combat bonus in [Forest]", "+[15]% combat bonus in [Jungle]"],
		"hurryCostModifier": 40,	
	},
]
