[
	{
		"name": "Partisan",
		"unitType": "Melee",
		"movement": 4,
		"strength": 85,
		"cost": 375,
                "promotions": ["Shock I", "Drill I"],
		"requiredTech": "Mobile Tactics",
                "uniques":["Bonus vs Melee 150%", "Can move after attacking", "+[15]% combat bonus in [Hill]", "+[15]% combat bonus in [Forest]", "+[15]% combat bonus in [Jungle]"],
		"hurryCostModifier": 40,		
	},
	{
		"name": "Guerilla",
		"unitType": "Melee",
		"movement": 3,
		"strength": 30,
                "upgradesTo": "Partisan",
		"cost": 265,
                "promotions": ["Shock I"],
		"requiredTech": "Rifling",
                "uniques":["Bonus vs Melee 50%", "Can move after attacking", "+[5]% combat bonus in [Hill]", "+[5]% combat bonus in [Forest]", "+[5]% combat bonus in [Jungle]"],
		"hurryCostModifier": 10,	
	},
]
