[
	{
		"name": "Luxury factory",
		"cost": 950,
		"happiness": 2,
                "requiredBuilding": "Workshop",
		"maintenance": 3,
		"isNationalWonder": false,
                "uniques": ["[+1 Gold] per [3] Population in this city", "[+1 happiness] per [3] Population in this city"],
	  "requiredTech": "Industrialization"
	},
	{
		"name": "Trade center",
		"isNationalWonder": true,
		"cost": 750,
		"hurryCostModifier": 110,
              	"maintenance": 0,
                "gold": 5,
		"percentStatBonus": {"gold": 15},
                "specialistSlots": {"Merchant": 1},
          	"production": 1,
                "uniques": ["Requires a [Stock Exchange] in all cities", "Cost increases by [10] per owned city", "[+1 Gold] per [6] Population in this city"],
		"requiredTech": "Industrialization"
                "quote": "'Skill is successfully walking a tightrope between the twin towers of the Trade Center. Intelligence is not trying"
 }
]